URL,80,443
https://gitlab.com,,X,
https://17-3awww.community.gitlab.com,,X,
https://079-client.community.gitlab.com,,X,
https://12366.community.gitlab.com,,X,
https://111megawatt.community.gitlab.com,,X,
https://1887dt387czs25eqxs3c1ipg-wpengine.community.gitlab.com,,X,
https://10-dev-v13-kibana.community.gitlab.com,,X,
https://1811878398.community.gitlab.com,,X,
https://039-client.community.gitlab.com,,X,
https://1919.community.gitlab.com,,X,
https://19-pcec0bcldrtner-cdn2bcld.community.gitlab.com,,X,
https://19gold19.community.gitlab.com,,X,
https://17-latinpreviewturkvpreviewturklynn-bcld.community.gitlab.com,,X,
https://15subdomjoininjoinkjoinli-bcld.community.gitlab.com,,X,
https://0810.community.gitlab.com,,X,
https://13capinapconnectofilesboxhideip.community.gitlab.com,,X,
https://1vcwioi8monitorozg1zh.community.gitlab.com,,X,
https://20-4.community.gitlab.com,,X,
https://1rk4n.community.gitlab.com,,X,
https://1vcontainerswioi8mozg1zh.community.gitlab.com,,X,
https://2mnupqmtshsd1clvjuxmycykrjb.ml.community.gitlab.com,,X,
https://21nrdj4844wq2rf2l52cnf06-wpengine.community.gitlab.com,,X,
https://238-nat.community.gitlab.com,,X,
https://2moc2shuikjtf059mgw0lgh3rwz.locations-dev5.community.gitlab.com,,X,
https://2mowzwybgfy7luimdgook7twk25.np.community.gitlab.com,,X,
http://2mokzcbtfahx3qovj33qilaxpxa.supplier-staging7.community.gitlab.com,X,,
https://2moxzy1qo1qjuyttgkl6ehv5r6o.community.gitlab.com,,X,
https://2mp5uaddi2wy3mewslnqswmnlkb.np.community.gitlab.com,,X,
https://288-azs-731.community.gitlab.com,,X,
https://366979-1144521-1-raikfcquaxqncofqfm.community.gitlab.com,,X,
https://43.community.gitlab.com,,X,
https://3tvrc.community.gitlab.com,,X,
https://2mpffkbjvodzv77urzo02wlcdlv.test-internal-platy.community.gitlab.com,,X,
http://2mohp4otzlkq1qypsojzdhwx4zo.mx.np.community.gitlab.com,X,,
https://2moabvdc7rw7zxtichupqtfzqwp.prod-qa.community.gitlab.com,,X,
https://3awwwan.community.gitlab.com,,X,
https://2mo9evi9to6tzoyhaav6smgcazl.sp-stage1.url6610.community.gitlab.com,,X,
https://2mphavltfmvic69iugzb7ahhduu.grafana-stage.community.gitlab.com,,X,
https://43415004.community.gitlab.com,,X,
https://2mpv2hwhz6wrrdbj7gwvath7v4s.cdn2.community.gitlab.com,,X,
https://3pdk5m35wq7e1e4dhfygh7f7-wpengine.community.gitlab.com,,X,
http://2mohxlmdjvizmvq33dml76utsy7.fastly.community.gitlab.com,X,,
https://3sides.community.gitlab.com,,X,
https://2mptb1j8mqy0obkik3pgtsw0ncv.gooder.community.gitlab.com,,X,
http://5esci.community.gitlab.com,X,,
http://a-dungeon-world.community.gitlab.com,X,,
http://a4m8y2b9.community.gitlab.com,X,,
https://abcd4368.community.gitlab.com,,X,
http://adidasrunningshoes.community.gitlab.com,X,,
http://abundance3313-com.community.gitlab.com,X,,
http://access.em810.community.gitlab.com,X,,
http://abinfo.community.gitlab.com,X,,
http://acelfelni.community.gitlab.com,X,,
https://ag-cms.community.gitlab.com,,X,
https://ajssarimg.community.gitlab.com,,X,
https://adzsmabuc08d.community.gitlab.com,,X,
https://agan-sense.community.gitlab.com,,X,
https://aescloudopstools-mechanic-arn.community.gitlab.com,,X,
https://ahmed-habbachi.community.gitlab.com,,X,
https://aip-service-gamma-iad.community.gitlab.com,,X,
https://aegir-preprod-us-west-2.community.gitlab.com,,X,
https://akamai-apigateway-stg-deliveryopsapi1.community.gitlab.com,,X,
https://aish404.community.gitlab.com,,X,
https://adopt-an-adoptables.community.gitlab.com,,X,
https://alnmspsrvz3ts210-dmz.community.gitlab.com,,X,
http://ads6.community.gitlab.com,X,,
https://alacammyo.community.gitlab.com,,X,
https://alatheia-ssl.community.gitlab.com,,X,
https://albacete-provincia.community.gitlab.com,,X,
https://alxoncology.community.gitlab.com,,X,
https://andazsandiego.community.gitlab.com,,X,
https://ahs-es-cerebro-eu-gamma-global-dub.community.gitlab.com,,X,
https://amerihome.community.gitlab.com,,X,
https://alphasaevents.community.gitlab.com,,X,
https://amnjrn.community.gitlab.com,,X,
https://anji7686.community.gitlab.com,,X,
https://ao-pisa.community.gitlab.com,,X,
https://aomentaiyangchengjituanzhongjie.community.gitlab.com,,X,
https://aomenxinhaotiandijiudian.community.gitlab.com,,X,
https://animelab.community.gitlab.com,,X,
https://alainfrancis.community.gitlab.com,,X,
https://advisories.gitlab.com,,X,
https://alkisahikmah.community.gitlab.com,,X,
https://aomenbaijialedeguize.community.gitlab.com,,X,
https://ahleducation.community.gitlab.com,,X,
https://alpbisx.community.gitlab.com,,X,
https://apcaaz.community.gitlab.com,,X,
https://amemon.community.gitlab.com,,X,
https://al26.community.gitlab.com,,X,
https://aikiki.community.gitlab.com,,X,
https://aoraki.community.gitlab.com,,X,
https://anycast-control-ext-shv-04-sin6.community.gitlab.com,,X,
https://aoisora024.community.gitlab.com,,X,
https://apcloudax-docs.community.gitlab.com,,X,
https://app-staging.community.gitlab.com,,X,
https://ape-srv11e.community.gitlab.com,,X,
https://andytantowibelzark.community.gitlab.com,,X,
http://afriso.community.gitlab.com,X,,
https://ar-bahrain.community.gitlab.com,,X,
https://amity.community.gitlab.com,,X,
https://ale-1-dev.community.gitlab.com,,X,
https://akruxdmxdb03-vip.community.gitlab.com,,X,
https://ant-design-blazor.community.gitlab.com,,X,
https://andreaernejen.community.gitlab.com,,X,
https://arewefastyet.gitlab.com,,X,
http://aomenwangshangbocaiwang.community.gitlab.com,X,,
https://allaboutbasic.community.gitlab.com,,X,
https://apapril-docs.community.gitlab.com,,X,
https://ankori-raanana.community.gitlab.com,,X,
https://api.eganaoif.dev.spin.community.gitlab.com,,X,
https://app-dev-qa.community.gitlab.com,,X,
https://api30-normal-c-useast1a.community.gitlab.com,,X,
https://arbtrader.community.gitlab.com,,X,
https://asmarajaya.community.gitlab.com,,X,
https://applekero.community.gitlab.com,,X,
https://assfilatelicacagliari.community.gitlab.com,,X,
https://area9.community.gitlab.com,,X,
https://assets.gitlab.com,,X,
https://arma-gdit.community.gitlab.com,,X,
https://assets.staging.gitlab.com,,X,
https://at-the-pool.community.gitlab.com,,X,
https://ap22.community.gitlab.com,,X,
https://api-docs17.community.gitlab.com,,X,
https://ar.np.community.gitlab.com,,X,
https://arapaimafishing.community.gitlab.com,,X,
http://aloc-offline.community.gitlab.com,X,,
https://app.community.gitlab.com,,X,
https://asomanaotosan.community.gitlab.com,,X,
https://assets-devci.community.gitlab.com,,X,
https://archives.docs.gitlab.com,,X,
https://august.community.gitlab.com,,X,
https://api-staging.community.gitlab.com,,X,
https://atg-performance.community.gitlab.com,,X,
https://api.community.gitlab.com,,X,
https://ar-def4.community.gitlab.com,,X,
https://as-felinas2.community.gitlab.com,,X,
https://auth.staging.gitlab.com,,X,
https://asdmprepgis.community.gitlab.com,,X,
https://au757.community.gitlab.com,,X,
https://auction-6.community.gitlab.com,,X,
https://au.sp-int.community.gitlab.com,,X,
https://auth.token.gitlab.com,,X,
https://ar-media.community.gitlab.com,,X,
https://autoturisme.community.gitlab.com,,X,
https://awcm-d65.community.gitlab.com,,X,
https://avivanewparent.community.gitlab.com,,X,
https://aysee26.community.gitlab.com,,X,
https://auth-nkhjghg.community.gitlab.com,,X,
https://auth-nsrepository.community.gitlab.com,,X,
https://arpwa00a0078.community.gitlab.com,,X,
http://altbenchmarklogs-eu.community.gitlab.com,X,,
https://auth-nslearn.community.gitlab.com,,X,
https://bandguidekr.community.gitlab.com,,X,
https://atlasholdingsllcportal.community.gitlab.com,,X,
https://arwrfpdstaging.community.gitlab.com,,X,
https://ativostore.community.gitlab.com,,X,
https://art-gallery.community.gitlab.com,,X,
https://ashleygrealish.community.gitlab.com,,X,
https://atlstfew4.community.gitlab.com,,X,
https://barreau-bordeaux.community.gitlab.com,,X,
https://bat-ca-env0apis-cahideipadmcdnipv6-1-boxhideip.community.gitlab.com,,X,
https://batonrougecapitolcenter.community.gitlab.com,,X,
https://archicase.community.gitlab.com,,X,
https://baworker-mjurr-bcld.community.gitlab.com,,X,
https://bceh.community.gitlab.com,,X,
https://ayumilove.community.gitlab.com,,X,
https://babilunyulechengfanshui.community.gitlab.com,,X,
https://bd77fnd.community.gitlab.com,,X,
https://bd77e6b.community.gitlab.com,,X,
https://bd77eto.community.gitlab.com,,X,
https://benavides.community.gitlab.com,,X,
https://backend-s-aggregator-4.community.gitlab.com,,X,
https://benoitph.community.gitlab.com,,X,
https://baqaghcpi.community.gitlab.com,,X,
https://auth.gcp.gitlab.com,,X,
https://bet365kefu.community.gitlab.com,,X,
https://authentication-server3.community.gitlab.com,,X,
https://biochemie.community.gitlab.com,,X,
https://bat-qwqwqcookiexhistory14boxhideipserver3.community.gitlab.com,,X,
https://berts.community.gitlab.com,,X,
https://betawww.community.gitlab.com,,X,
https://beta.community.gitlab.com,,X,
https://birch-staging.community.gitlab.com,,X,
https://bficnodeapp.community.gitlab.com,,X,
https://bitbucket-libguidesassetsbclde.community.gitlab.com,,X,
https://baterie-do-aku-naradia.community.gitlab.com,,X,
https://bestwindows8apps.community.gitlab.com,,X,
https://blissfulness.community.gitlab.com,,X,
https://birdakika.community.gitlab.com,,X,
https://blog-shinjuku-used.community.gitlab.com,,X,
https://bluecrosshealthinsurancequotes.community.gitlab.com,,X,
https://baijialezizhufenxiruanjian.community.gitlab.com,,X,
https://bengaluru.community.gitlab.com,,X,
https://bf1-xenapp40.community.gitlab.com,,X,
https://bnc3-a5828.community.gitlab.com,,X,
https://bid46rb.community.gitlab.com,,X,
https://beregovoe.community.gitlab.com,,X,
https://bet365tikuanduojiudaozhang.community.gitlab.com,,X,
https://blogicarubiddertomcat2017apis.community.gitlab.com,,X,
https://bnc3-a471.community.gitlab.com,,X,
https://bh.mgmt.community.gitlab.com,,X,
https://berwyninfo.community.gitlab.com,,X,
https://bnc3-a9942.community.gitlab.com,,X,
http://binhaiwanyulepingtai.community.gitlab.com,X,,
https://beeqnyut.community.gitlab.com,,X,
http://besadno.community.gitlab.com,X,,
http://bflexion.community.gitlab.com,X,,
http://bicycle0312.community.gitlab.com,X,,
http://bgisviewerbeta.community.gitlab.com,X,,
http://blog.gitlab.com,X,,
https://botiga.community.gitlab.com,,X,
https://bluepaid.community.gitlab.com,,X,
http://bjbell.community.gitlab.com,X,,
https://bom-v4.community.gitlab.com,,X,
http://benchibaomalaohujiyouxi.community.gitlab.com,X,,
https://c12hrs.community.gitlab.com,,X,
http://bocaikaihuxianjin.community.gitlab.com,X,,
http://bligoo.community.gitlab.com,X,,
http://bnc3-a1241.community.gitlab.com,X,,
http://awsnrt2.community.gitlab.com,X,,
http://blogdodamiaocavalcante.community.gitlab.com,X,,
http://books-hub.community.gitlab.com,X,,
https://brige1us006.community.gitlab.com,,X,
https://campusdev.community.gitlab.com,,X,
https://brusselsvoice.community.gitlab.com,,X,
https://businessinsurance.community.gitlab.com,,X,
https://bthnggtd108-dmz2.community.gitlab.com,,X,
http://bnc3-a6056.community.gitlab.com,X,,
http://bulldozer-test.community.gitlab.com,X,,
http://bpchem-la-frame.community.gitlab.com,X,,
https://camaraimperatriz.community.gitlab.com,,X,
https://ca01st2.community.gitlab.com,,X,
https://cb-p.community.gitlab.com,,X,
https://caminhodoscristais.community.gitlab.com,,X,
http://booking-peel.community.gitlab.com,X,,
https://careers-rsc.community.gitlab.com,,X,
https://campaign-manager.gitlab.com,,X,
http://braindeer-games.community.gitlab.com,X,,
https://castleview.community.gitlab.com,,X,
https://cdn-ckigb.community.gitlab.com,,X,
http://cdn-bjgef.community.gitlab.com,X,,
http://browser9.community.gitlab.com,X,,
http://burohappold.community.gitlab.com,X,,
http://cdn-cadln.community.gitlab.com,X,,
https://carpets.community.gitlab.com,,X,
https://cdn-dlene.community.gitlab.com,,X,
https://certs1.community.gitlab.com,,X,
http://cashierrz48.community.gitlab.com,X,,
https://cdn-bdllk.community.gitlab.com,,X,
https://centraldepolicia.community.gitlab.com,,X,
http://cdn-cnech.community.gitlab.com,X,,
http://canola.community.gitlab.com,X,,
https://cdx-sd.community.gitlab.com,,X,
http://ce.gitlab.com,X,,
http://cambridgenaturals.community.gitlab.com,X,,
http://capecodbaseball.community.gitlab.com,X,,
http://cdn-ht.community.gitlab.com,X,,
https://cerdilandia.community.gitlab.com,,X,
https://cevian.community.gitlab.com,,X,
https://certificationadmin.community.gitlab.com,,X,
https://chanathleticassociationbaseball.community.gitlab.com,,X,
http://carterenterprises.community.gitlab.com,X,,
https://charlottesbookspoilers.community.gitlab.com,,X,
https://chapter-7-bankruptcy-attorney.community.gitlab.com,,X,
http://casavatore.community.gitlab.com,X,,
http://cassidy-espravni-1.community.gitlab.com,X,,
https://cf-test-fe1.community.gitlab.com,,X,
https://cf1-alezielonysklep.community.gitlab.com,,X,
http://cdn-efdkc.community.gitlab.com,X,,
https://cherryfunlife.community.gitlab.com,,X,
https://chordgitaryhp.community.gitlab.com,,X,
https://chisato.community.gitlab.com,,X,
https://cerkabellakonyvek.community.gitlab.com,,X,
https://cloud.staging.gitlab.com,,X,
https://chef.gitlab.com,,X,
http://cawdor.community.gitlab.com,X,,
https://chai.community.gitlab.com,,X,
https://cinc.gitlab.com,,X,
https://cdngeneral-docs.community.gitlab.com,,X,
https://changepasswordtest.community.gitlab.com,,X,
https://cityzens.community.gitlab.com,,X,
https://circupool.community.gitlab.com,,X,
https://cheat-engine-free.community.gitlab.com,,X,
https://classschedule.community.gitlab.com,,X,
https://clglesrousses.community.gitlab.com,,X,
https://chidodike.community.gitlab.com,,X,
https://chowho1.community.gitlab.com,,X,
https://cell-c01j2gdw0zfdafxr6.cells.gitlab.com,,X,
https://cloud.gitlab.com,,X,
https://codesuggestions.gitlab.com,,X,
https://cllibrary-images.community.gitlab.com,,X,
https://clarity.community.gitlab.com,,X,
https://cofs-fly-pursre-116.community.gitlab.com,,X,
https://cocreate.gitlab.com,,X,
https://choutatsu.community.gitlab.com,,X,
https://cloud17.community.gitlab.com,,X,
http://cebu-city.community.gitlab.com,X,,
https://cla1j.community.gitlab.com,,X,
https://comelasticbeanstaloxnsubdomainsd-csg-1combucknortheast-bucket.community.gitlab.com,,X,
https://classicosliteraturaromantica.community.gitlab.com,,X,
https://clasesdematematicasdeprimaria.community.gitlab.com,,X,
https://contecc.community.gitlab.com,,X,
https://constellationtheatrecompany.community.gitlab.com,,X,
https://cn-staging-dca1.community.gitlab.com,,X,
https://cinema-portal-training.triage-ops.gitlab.com,,X,
https://comicritico.community.gitlab.com,,X,
https://communbrazily-lun-ftn9eadmt1-pareaallet-8ty.community.gitlab.com,,X,
https://comebillingticbeanstaloxnard-csg-1combucknortheast-bucket.community.gitlab.com,,X,
https://communiae01y-lun-fae01n9eadmae011-pareaalleae01-8ae01y.community.gitlab.com,,X,
https://content.gitlab.com,,X,
https://concussion.community.gitlab.com,,X,
https://controlestadisticocarloscastillo.community.gitlab.com,,X,
https://credit-cards.triage-ops.gitlab.com,,X,
https://clubsilbest.community.gitlab.com,,X,
https://creators-stub.community.gitlab.com,,X,
https://customers.gitlab.com,,X,
https://contributors.gitlab.com,,X,
https://connect-weatherservice.community.gitlab.com,,X,
https://codesuggestions.staging.gitlab.com,,X,
https://coarelasticbeanstaloxnard-csg-1coarbucknortheast-bucket.community.gitlab.com,,X,
https://coaaunity-lun-ftn9eadat1-pareaallet-8ty.community.gitlab.com,,X,
http://changemygarden.community.gitlab.com,X,,
https://customers.staging-ref.gitlab.com,,X,
https://chicnewsm.community.gitlab.com,,X,
https://colormalinsu.community.gitlab.com,,X,
https://data.pgrman.dev.pgrman.dev.spin.community.gitlab.com,,X,
https://connect-br2.community.gitlab.com,,X,
https://customers.staging.gitlab.com,,X,
https://conv-dotd.community.gitlab.com,,X,
https://cxr.gitlab.com,,X,
https://dev.pgrman.dev.spin.community.gitlab.com,,X,
https://docs.runway.gitlab.com,,X,
https://docs-dev.gitlab.com,,X,
https://dev.spin.community.gitlab.com,,X,
https://docs.gitlab.com,,X,
https://developer.gitlab.com,,X,
https://email.partnerflash.gitlab.com,,X,
https://ee.gitlab.com,,X,
http://design.gitlab.com,X,,
https://email.info.gitlab.com,,X,
https://em810.community.gitlab.com,,X,
https://email.mail.gitlab.com,,X,
https://email.gitlab.com,,X,
https://email.mg.staging.gitlab.com,,X,
http://email.mg.gitlab.com,X,,
http://drip.uat.community.gitlab.com,X,,
http://email.customers.gitlab.com,X,,
http://email.gh-mail.gitlab.com,X,,
https://federal-support.gitlab.com,,X,
https://explore.gitlab.com,,X,
https://feedback.gitlab.com,,X,
http://eganaoif.dev.spin.community.gitlab.com,X,,
https://front-end.em810.community.gitlab.com,,X,
https://gateway.gcp.gitlab.com,,X,
https://forum.gitlab.com,,X,
https://getprof.ar.np.community.gitlab.com,,X,
https://gosplemstansia.community.gitlab.com,,X,
https://grafana.cell-c01j2gdw0zfdafxr6.cells.gitlab.com,,X,
http://flywestair.community.gitlab.com,X,,
https://grillstore.community.gitlab.com,,X,
https://go-staging.community.gitlab.com,,X,
https://gparc.community.gitlab.com,,X,
https://gvst.community.gitlab.com,,X,
https://greenman-journey.community.gitlab.com,,X,
https://guangzhouduwang.community.gitlab.com,,X,
https://gspo.community.gitlab.com,,X,
https://gst-pgbadger.community.gitlab.com,,X,
https://haruyama-clinic.community.gitlab.com,,X,
http://go.gitlab.com,X,,
http://gridsome.community.gitlab.com,X,,
https://halamanggamot.community.gitlab.com,,X,
https://gulls.community.gitlab.com,,X,
https://guowaitiyutouzhu.community.gitlab.com,,X,
https://himaraya55sports.community.gitlab.com,,X,
http://grifone.community.gitlab.com,X,,
http://gypsumbords.community.gitlab.com,X,,
https://harir-shop.community.gitlab.com,,X,
https://hatter.community.gitlab.com,,X,
https://hogar-decoracion.community.gitlab.com,,X,
https://hk-creditc.community.gitlab.com,,X,
https://hill013172.community.gitlab.com,,X,
https://holimed.community.gitlab.com,,X,
http://hadeemah.community.gitlab.com,X,,
https://heraultactus.community.gitlab.com,,X,
https://hk-cvnetncvnet.community.gitlab.com,,X,
http://h-ongendo1964annex.community.gitlab.com,X,,
http://highresbio.community.gitlab.com,X,,
http://gsoc.community.gitlab.com,X,,
http://hag-eu.community.gitlab.com,X,,
https://hostellerie-chateaux.community.gitlab.com,,X,
http://gscerts.community.gitlab.com,X,,
https://hoosierdata.community.gitlab.com,,X,
https://horror.community.gitlab.com,,X,
http://hilltops.community.gitlab.com,X,,
https://hk-12n12.community.gitlab.com,,X,
https://huangguanjingongzhuzhenrenyule.community.gitlab.com,,X,
https://hybrid2499.community.gitlab.com,,X,
https://horrk.community.gitlab.com,,X,
https://host40.community.gitlab.com,,X,
https://hokanoko.community.gitlab.com,,X,
https://host2773.community.gitlab.com,,X,
http://hodai.community.gitlab.com,X,,
http://host944.community.gitlab.com,X,,
https://ibijus.community.gitlab.com,,X,
https://hurl-service.community.gitlab.com,,X,
http://host4046.community.gitlab.com,X,,
http://hss-ppls-0140.community.gitlab.com,X,,
http://homepages-fb.community.gitlab.com,X,,
https://ilbenevincera.community.gitlab.com,,X,
https://idc-usdevops-svccvsprivadmcompriv-github.community.gitlab.com,,X,
https://igmr.community.gitlab.com,,X,
https://imageicloud.community.gitlab.com,,X,
https://ifcasims.community.gitlab.com,,X,
http://hsgac.community.gitlab.com,X,,
https://ihatejuice.community.gitlab.com,,X,
https://i-1-emumax.community.gitlab.com,,X,
https://independentcottages.community.gitlab.com,,X,
http://huangguandailir.community.gitlab.com,X,,
https://in-beta0.community.gitlab.com,,X,
https://infectiouscupcake.community.gitlab.com,,X,
http://hyakkaryouran.community.gitlab.com,X,,
http://howtonannpa.community.gitlab.com,X,,
http://hrdea.community.gitlab.com,X,,
https://ikom-s-int.community.gitlab.com,,X,
http://icthrive.community.gitlab.com,X,,
https://imgs-3.community.gitlab.com,,X,
https://immortaltranslationsblog.community.gitlab.com,,X,
http://hub.gitlab.com,X,,
http://huatuoe.community.gitlab.com,X,,
https://impresioncpa.community.gitlab.com,,X,
https://insperityrightnow.community.gitlab.com,,X,
http://i11.community.gitlab.com,X,,
https://ichailee99.community.gitlab.com,,X,
http://ilmas.community.gitlab.com,X,,
https://innovacteurs.community.gitlab.com,,X,
http://idbsoft.community.gitlab.com,X,,
https://inxctws.community.gitlab.com,,X,
https://ipaychaesowa1.community.gitlab.com,,X,
https://inliberty.community.gitlab.com,,X,
http://icrivrhostconnect-xgisit.community.gitlab.com,X,,
https://ie-ivt.community.gitlab.com,,X,
https://ip204-151.community.gitlab.com,,X,
https://install18.community.gitlab.com,,X,
https://insurancepre.community.gitlab.com,,X,
https://integralperfection.community.gitlab.com,,X,
https://iscenter.community.gitlab.com,,X,
http://io3-production-2-ltx222.community.gitlab.com,X,,
http://jaroslav.community.gitlab.com,X,,
http://jawitreen.community.gitlab.com,X,,
http://innovationapps.community.gitlab.com,X,,
http://inventairepcb.community.gitlab.com,X,,
http://inviso.community.gitlab.com,X,,
https://jinshaduqiuwangzhi.community.gitlab.com,,X,
http://int-en.community.gitlab.com,X,,
http://itsc-mx1-lb.community.gitlab.com,X,,
http://ipphone2.community.gitlab.com,X,,
http://inspace.community.gitlab.com,X,,
http://jaykumarlimbasiya.community.gitlab.com,X,,
http://jenni40424.community.gitlab.com,X,,
http://jack35.community.gitlab.com,X,,
http://isafom.community.gitlab.com,X,,
http://jeemain.community.gitlab.com,X,,
http://jablonski-family.community.gitlab.com,X,,
http://infra-roadmap.gitlab.com,X,,
http://javaknowledgestack.community.gitlab.com,X,,
https://jheks.community.gitlab.com,,X,
https://johngodrich.community.gitlab.com,,X,
https://jys.community.gitlab.com,,X,
https://johnnytw.community.gitlab.com,,X,
https://kafkanet-ui-production-unrestricted-8p21-web-apps-b-us-east1-12.community.gitlab.com,,X,
https://kaisheduchangzui.community.gitlab.com,,X,
https://jmlstore-sg.community.gitlab.com,,X,
http://ir.gitlab.com,X,,
http://it-stage37.community.gitlab.com,X,,
https://kallen710.community.gitlab.com,,X,
http://internetshakespeare.community.gitlab.com,X,,
https://karcommunity.community.gitlab.com,,X,
https://jobs-centurybank.community.gitlab.com,,X,
https://jtorbik.community.gitlab.com,,X,
https://jmfootball.community.gitlab.com,,X,
https://jycustom1.community.gitlab.com,,X,
https://jobs.gitlab.com,,X,
https://join-etr.community.gitlab.com,,X,
https://kaixuanmenyulehuisuo.community.gitlab.com,,X,
https://k16.community.gitlab.com,,X,
https://jp3.community.gitlab.com,,X,
https://kap4a.community.gitlab.com,,X,
https://karafuru-3d-bucket.community.gitlab.com,,X,
http://jcubic.community.gitlab.com,X,,
https://kanda.community.gitlab.com,,X,
https://jtiik.community.gitlab.com,,X,
https://kamoodvd.community.gitlab.com,,X,
https://kaneko158cm.community.gitlab.com,,X,
https://kb-ota.community.gitlab.com,,X,
https://kazupon.community.gitlab.com,,X,
https://kas.cell-c01j2gdw0zfdafxr6.cells.gitlab.com,,X,
http://jira-stg.community.gitlab.com,X,,
https://kabook.community.gitlab.com,,X,
https://kafka-int.community.gitlab.com,,X,
https://jokmotor.community.gitlab.com,,X,
https://katariba-portal.community.gitlab.com,,X,
https://kas.staging.gitlab.com,,X,
https://kotiruokalista.community.gitlab.com,,X,
https://kas.us-east1.cell-c01j2gdw0zfdafxr6.cells.gitlab.com,,X,
https://khuntronak.community.gitlab.com,,X,
https://kiv-srv15.community.gitlab.com,,X,
https://kitcheck.community.gitlab.com,,X,
https://krysy.community.gitlab.com,,X,
https://kas.gitlab.com,,X,
http://kaixinyulecheng.community.gitlab.com,X,,
https://kanedaiichihara.community.gitlab.com,,X,
https://kubeapps.community.gitlab.com,,X,
https://kopihitam.community.gitlab.com,,X,
https://knob-create.community.gitlab.com,,X,
https://ksuzuki5.community.gitlab.com,,X,
https://kursk.community.gitlab.com,,X,
https://koalamart.community.gitlab.com,,X,
https://kas.pre.gitlab.com,,X,
https://kube-prod.community.gitlab.com,,X,
https://landlordapi.community.gitlab.com,,X,
https://langsoc.community.gitlab.com,,X,
https://kurryluo.community.gitlab.com,,X,
https://kurrantinsightsprod.community.gitlab.com,,X,
https://kwhelp.community.gitlab.com,,X,
https://kurumsalwebislem.community.gitlab.com,,X,
https://knowhow-rightnow.community.gitlab.com,,X,
https://kws-integration-service-ci.community.gitlab.com,,X,
https://kkkkkkk0315.community.gitlab.com,,X,
https://koang8.community.gitlab.com,,X,
https://lagbaomer.community.gitlab.com,,X,
https://kujira-ah.community.gitlab.com,,X,
https://laswp.community.gitlab.com,,X,
https://koyilandy.community.gitlab.com,,X,
https://lasapi-docs.community.gitlab.com,,X,
https://krynica.community.gitlab.com,,X,
https://lampungtimurkab.community.gitlab.com,,X,
http://kyungmin-014.community.gitlab.com,X,,
http://laclassedecalliplume.community.gitlab.com,X,,
https://leeari.community.gitlab.com,,X,
http://livedevelopmentqwqwqcookiexhistory14boxhideip.community.gitlab.com,X,,
http://lcplsandbox.community.gitlab.com,X,,
http://library-admin.community.gitlab.com,X,,
http://lib-mac-009.community.gitlab.com,X,,
https://livestream-edgetee-ws-upload-staging-shv-03-sin6.community.gitlab.com,,X,
http://letenky-prodejci.community.gitlab.com,X,,
http://lifespace.community.gitlab.com,X,,
http://lfmaquinaseferramentas.community.gitlab.com,X,,
http://leprogres.community.gitlab.com,X,,
https://lm-na02.community.gitlab.com,,X,
https://loew.community.gitlab.com,,X,
http://lesmayons.community.gitlab.com,X,,
http://life2coding.community.gitlab.com,X,,
https://livestream-edgetee-upload-shv-02-lga3.community.gitlab.com,,X,
https://loggw-edge.community.gitlab.com,,X,
https://luke-lico.community.gitlab.com,,X,
http://lilo.community.gitlab.com,X,,
http://letese.community.gitlab.com,X,,
http://levels-a.community.gitlab.com,X,,
https://logstash12.community.gitlab.com,,X,
http://learnerregistry.community.gitlab.com,X,,
http://lespassionscreativesdemarie.community.gitlab.com,X,,
https://lojasamericanas.community.gitlab.com,,X,
https://maihappy.community.gitlab.com,,X,
https://mailper.community.gitlab.com,,X,
https://mailc-ee.community.gitlab.com,,X,
https://lp-push-server-685.community.gitlab.com,,X,
https://lsdone.community.gitlab.com,,X,
https://m45-8.community.gitlab.com,,X,
https://magillcounseling.community.gitlab.com,,X,
https://m925studios.community.gitlab.com,,X,
http://lightingreporting.community.gitlab.com,X,,
https://manutd.community.gitlab.com,,X,
https://mapstorets.community.gitlab.com,,X,
https://makabe-h.community.gitlab.com,,X,
https://mailsafe.community.gitlab.com,,X,
http://leyesdnewton1727.community.gitlab.com,X,,
https://loveold65.community.gitlab.com,,X,
https://mariahoek.community.gitlab.com,,X,
http://lecourrierdesstrateges.community.gitlab.com,X,,
https://marcopro808.community.gitlab.com,,X,
http://litphil.community.gitlab.com,X,,
https://louislearnsarabic.community.gitlab.com,,X,
https://marsoc.community.gitlab.com,,X,
https://mastermanagement.community.gitlab.com,,X,
https://marketplace.gitlab.com,,X,
http://levelup.gitlab.com,X,,
https://matillion.community.gitlab.com,,X,
http://links.gitlab.com,X,,
https://manualdeestilo.community.gitlab.com,,X,
https://mail-pop3.community.gitlab.com,,X,
https://march-auth-ns.community.gitlab.com,,X,
https://mbvk.community.gitlab.com,,X,
https://mdarchives.community.gitlab.com,,X,
https://mammy.community.gitlab.com,,X,
https://lrel.community.gitlab.com,,X,
https://marketplace-sandbox.community.gitlab.com,,X,
https://m-wellstradebroker-dev1.community.gitlab.com,,X,
https://lsinstr.community.gitlab.com,,X,
https://meatmeet-m.community.gitlab.com,,X,
https://manager-staging.community.gitlab.com,,X,
https://medarbejderne.community.gitlab.com,,X,
https://maxscaletest.community.gitlab.com,,X,
https://mdf1-bi8k-1-ve-58.community.gitlab.com,,X,
https://manag.community.gitlab.com,,X,
https://millionplus.community.gitlab.com,,X,
https://merchant-api.community.gitlab.com,,X,
https://maxwyb.community.gitlab.com,,X,
https://mdes.community.gitlab.com,,X,
https://marbleslabs.community.gitlab.com,,X,
https://miamiairportbluelagoon.community.gitlab.com,,X,
https://mlipcshkseea.community.gitlab.com,,X,
https://mccormickconsumertesting.community.gitlab.com,,X,
https://mk0benbowinnd8rgh5hl.community.gitlab.com,,X,
https://mk0vbreathepv30emqud.community.gitlab.com,,X,
https://mimi507.community.gitlab.com,,X,
https://mehmet.community.gitlab.com,,X,
http://microequity.community.gitlab.com,X,,
https://metababy.community.gitlab.com,,X,
https://mazda-5.community.gitlab.com,,X,
https://mgmt.community.gitlab.com,,X,
https://mk0pointstaridujs717.community.gitlab.com,,X,
https://mohlue.community.gitlab.com,,X,
https://mofetsrv.community.gitlab.com,,X,
https://meetings-beta-tcp-pdx.community.gitlab.com,,X,
https://mindmaple-lite.community.gitlab.com,,X,
https://mind101.community.gitlab.com,,X,
https://missimortina.community.gitlab.com,,X,
http://michelle1314168.community.gitlab.com,X,,
http://marcolino.community.gitlab.com,X,,
https://mk0engineforextg8bve.community.gitlab.com,,X,
https://mmsamee.community.gitlab.com,,X,
https://monicapanetta.community.gitlab.com,,X,
https://montilla.community.gitlab.com,,X,
https://mpedia.community.gitlab.com,,X,
https://moskvenok.community.gitlab.com,,X,
https://md2snapstrm01.community.gitlab.com,,X,
https://mfa-suntrust-srp.community.gitlab.com,,X,
https://mcleod-rsccc.community.gitlab.com,,X,
http://meo-auto-biz.community.gitlab.com,X,,
https://mlpxacoyr9st.community.gitlab.com,,X,
https://mocha.community.gitlab.com,,X,
https://mrcamillaa.community.gitlab.com,,X,
http://misterflat.community.gitlab.com,X,,
https://modrice.community.gitlab.com,,X,
https://metrics.gitlab.com,,X,
https://mountsthelens.community.gitlab.com,,X,
https://mpoint.community.gitlab.com,,X,
https://mp4teluguwap.community.gitlab.com,,X,
https://minherz.community.gitlab.com,,X,
https://meteorologytraining.community.gitlab.com,,X,
https://mex-ops-finance-phoenix01.community.gitlab.com,,X,
https://motoplaner.community.gitlab.com,,X,
https://mirakl-opensearch-dev-connect-catalog-inbound-mirakl-elasticsea.community.gitlab.com,,X,
https://moxie-us1.community.gitlab.com,,X,
http://miragaia.community.gitlab.com,X,,
https://mrwiz-nrt-gamma.community.gitlab.com,,X,
http://mergecustomer.community.gitlab.com,X,,
https://mta3fr.community.gitlab.com,,X,
https://mot.triage-ops.gitlab.com,,X,
https://mudwprod.community.gitlab.com,,X,
https://msfw.community.gitlab.com,,X,
https://mostatic.community.gitlab.com,,X,
https://mubotic.community.gitlab.com,,X,
https://muscollectionc.community.gitlab.com,,X,
https://mtehnika.community.gitlab.com,,X,
https://muel.community.gitlab.com,,X,
https://musca.community.gitlab.com,,X,
https://myarmadaclaims.community.gitlab.com,,X,
https://mybenefitshome.community.gitlab.com,,X,
https://musiraw.community.gitlab.com,,X,
https://mticket7.community.gitlab.com,,X,
https://mvm-ccns-0092.community.gitlab.com,,X,
https://mvm-ri-d125042.community.gitlab.com,,X,
https://mvm-ri-d117233.community.gitlab.com,,X,
https://muszakiesinformatikaineveles.community.gitlab.com,,X,
https://myvehicle.community.gitlab.com,,X,
https://mti.community.gitlab.com,,X,
https://na204.community.gitlab.com,,X,
https://n2stor-7d.community.gitlab.com,,X,
https://musicacrossasia.community.gitlab.com,,X,
https://nagasaki-sam-com.community.gitlab.com,,X,
https://muslanternc.community.gitlab.com,,X,
https://muyingyinyuleic.community.gitlab.com,,X,
https://mykirakira.community.gitlab.com,,X,
https://mx174.community.gitlab.com,,X,
https://mundoguitarhero.community.gitlab.com,,X,
https://nacancel.community.gitlab.com,,X,
https://ncdp.community.gitlab.com,,X,
https://neodusk.community.gitlab.com,,X,
https://nanna519.community.gitlab.com,,X,
https://napoli32.community.gitlab.com,,X,
https://nas13-fa0-0.community.gitlab.com,,X,
https://newha11-main.community.gitlab.com,,X,
https://navirai.community.gitlab.com,,X,
https://mytenancydev.community.gitlab.com,,X,
https://museudearqueologiadeitaipu.community.gitlab.com,,X,
https://na167.community.gitlab.com,,X,
https://newamericanjackets.community.gitlab.com,,X,
https://new.docs.gitlab.com,,X,
https://mwiki.community.gitlab.com,,X,
https://nippin.community.gitlab.com,,X,
https://nbcs.community.gitlab.com,,X,
https://nc-unit3-mqtt.community.gitlab.com,,X,
https://niufy.community.gitlab.com,,X,
https://njsa.community.gitlab.com,,X,
https://nobekenpi.community.gitlab.com,,X,
https://next.gitlab.com,,X,
https://nooc.community.gitlab.com,,X,
https://ngtportal.community.gitlab.com,,X,
https://nicollfamily.community.gitlab.com,,X,
https://norta.community.gitlab.com,,X,
https://nicolewhite.community.gitlab.com,,X,
https://naniwanko.community.gitlab.com,,X,
https://nossodownloadnet.community.gitlab.com,,X,
https://nas233.community.gitlab.com,,X,
https://narmala.community.gitlab.com,,X,
https://novaextranet.community.gitlab.com,,X,
https://nofreaknogeek.community.gitlab.com,,X,
https://nuworld.community.gitlab.com,,X,
https://nordis.community.gitlab.com,,X,
https://ni-ibaraki.community.gitlab.com,,X,
https://nwlc-org.community.gitlab.com,,X,
https://nycreach.community.gitlab.com,,X,
https://napr.community.gitlab.com,,X,
https://newcok.community.gitlab.com,,X,
https://nylizards.community.gitlab.com,,X,
https://npbc.community.gitlab.com,,X,
https://obatalamigataldidubur.community.gitlab.com,,X,
https://observe.staging.gitlab.com,,X,
https://objectifbrevet.community.gitlab.com,,X,
https://onelogin2.community.gitlab.com,,X,
https://nyom87.community.gitlab.com,,X,
https://nmhschool.community.gitlab.com,,X,
https://onboardingapi-australiaeast-release-a.community.gitlab.com,,X,
https://omelettejando.community.gitlab.com,,X,
https://nvmg.community.gitlab.com,,X,
https://oice.community.gitlab.com,,X,
https://observe.gitlab.com,,X,
https://oilinbrass.community.gitlab.com,,X,
https://neo-mobile-privacy-policy.community.gitlab.com,,X,
http://nqd.community.gitlab.com,X,,
https://nomnws-ee-pop2.community.gitlab.com,,X,
https://onlylovekpop.community.gitlab.com,,X,
https://okc.community.gitlab.com,,X,
https://oofficedev.community.gitlab.com,,X,
https://openmaint.community.gitlab.com,,X,
https://oky-d-ace.community.gitlab.com,,X,
https://okjsp.community.gitlab.com,,X,
https://nyarapo.community.gitlab.com,,X,
https://njvpn.community.gitlab.com,,X,
https://olleh.community.gitlab.com,,X,
https://onlinedating.community.gitlab.com,,X,
https://olympic18.community.gitlab.com,,X,
https://oldbclde.community.gitlab.com,,X,
https://nucleuspreprod.community.gitlab.com,,X,
https://ordercostume.community.gitlab.com,,X,
https://packages.gitlab.com,,X,
https://p5ys470x.community.gitlab.com,,X,
https://paceacademy.community.gitlab.com,,X,
https://origin-ludo22.community.gitlab.com,,X,
http://nur02.community.gitlab.com,X,,
https://osusume315.community.gitlab.com,,X,
https://otaafsg-cost.community.gitlab.com,,X,
https://osteopathes.community.gitlab.com,,X,
https://otama.community.gitlab.com,,X,
https://odyssey-147.community.gitlab.com,,X,
https://one-host-internal-tools.community.gitlab.com,,X,
https://nspre.community.gitlab.com,,X,
https://paineldominios.community.gitlab.com,,X,
https://paixaoporhomem.community.gitlab.com,,X,
https://origin8-sof.community.gitlab.com,,X,
https://paradoxrdp.community.gitlab.com,,X,
https://papercuts.gitlab.com,,X,
https://participate.community.gitlab.com,,X,
https://pa3.community.gitlab.com,,X,
https://padrejoseluis.community.gitlab.com,,X,
https://paloaltonetworks--c.community.gitlab.com,,X,
https://osysa.community.gitlab.com,,X,
https://ossm.community.gitlab.com,,X,
https://panelladikes24.community.gitlab.com,,X,
http://odcmalltr.community.gitlab.com,X,,
https://origin-rccl.community.gitlab.com,,X,
https://patisuronosyourituenjoy.community.gitlab.com,,X,
https://os-fkrezme-os.community.gitlab.com,,X,
https://parkerstore.community.gitlab.com,,X,
https://partners.gitlab.com,,X,
https://optionsforall.community.gitlab.com,,X,
https://p16.community.gitlab.com,,X,
https://pc-telephone.community.gitlab.com,,X,
https://parc-gedgev2.community.gitlab.com,,X,
https://pencilbox.community.gitlab.com,,X,
http://omarxistaleninista.community.gitlab.com,X,,
https://perkbox.community.gitlab.com,,X,
https://paravan.community.gitlab.com,,X,
https://ovs-gadget.community.gitlab.com,,X,
https://pendaftaran.community.gitlab.com,,X,
http://parentconnection.community.gitlab.com,X,,
http://oregano-container-registry.community.gitlab.com,X,,
https://pattarawadee1348.community.gitlab.com,,X,
https://partnersite1.community.gitlab.com,,X,
https://parionssport.community.gitlab.com,,X,
http://paquito.community.gitlab.com,X,,
http://patsanki1.community.gitlab.com,X,,
https://paymentsapi.community.gitlab.com,,X,
https://pialadunia.community.gitlab.com,,X,
https://pctocs.community.gitlab.com,,X,
http://peadarcoyle.community.gitlab.com,X,,
http://payeecentral.community.gitlab.com,X,,
http://parmapse.community.gitlab.com,X,,
http://pc200.community.gitlab.com,X,,
http://palancas.community.gitlab.com,X,,
https://paulkim.community.gitlab.com,,X,
https://pimms-ui-gamma.community.gitlab.com,,X,
http://page.gitlab.com,X,,
https://phonetik.community.gitlab.com,,X,
https://penske.community.gitlab.com,,X,
http://paulonoel.community.gitlab.com,X,,
https://physicsadmin.community.gitlab.com,,X,
https://pre.gitlab.com,,X,
https://pl.prod-qa.community.gitlab.com,,X,
https://pgg14e.community.gitlab.com,,X,
http://paseturistico.community.gitlab.com,X,,
https://pk6zfczeul-3.community.gitlab.com,,X,
https://pgrman.dev.spin.community.gitlab.com,,X,
https://phstl-2-managers-mfp-bw.community.gitlab.com,,X,
http://pamestas.community.gitlab.com,X,,
https://pine-translator-sfo.community.gitlab.com,,X,
https://photodb.community.gitlab.com,,X,
https://prod-qa.community.gitlab.com,,X,
http://phych.community.gitlab.com,X,,
http://pinescharter-net.community.gitlab.com,X,,
http://pm-bounces.rally.gitlab.com,X,,
https://runway.gitlab.com,,X,
https://registry.staging.gitlab.com,,X,
https://registry.staging-ref.gitlab.com,,X,
http://ps4updptl.mx.np.community.gitlab.com,X,,
https://registry.us-east1.cell-c01j2gdw0zfdafxr6.cells.gitlab.com,,X,
https://registry.pre.gitlab.com,,X,
https://registry.geo.staging-ref.gitlab.com,,X,
https://rewards.gitlab.com,,X,
https://registry.cell-c01j2gdw0zfdafxr6.cells.gitlab.com,,X,
https://quantfolio.community.gitlab.com,,X,
https://registry.gitlab.com,,X,
https://scim.gitlab.com,,X,
https://schemas.runway.gitlab.com,,X,
https://snippets.gitlab.com,,X,
https://slippers.gitlab.com,,X,
https://spin.community.gitlab.com,,X,
https://staging.gitlab.com,,X,
http://signatures.gitlab.com,X,,
https://status.gitlab.com,,X,
https://staging-ref.gitlab.com,,X,
http://status.staging.gitlab.com,X,,
https://support.gitlab.com,,X,
https://trust.gitlab.com,,X,
https://support-customer-account.triage-ops.gitlab.com,,X,
http://staging2-ssh.community.gitlab.com,X,,
https://uat.community.gitlab.com,,X,
https://url.community.gitlab.com,,X,
https://us-east1.cell-c01j2gdw0zfdafxr6.cells.gitlab.com,,X,
https://university.gitlab.com,,X,
https://translate.gitlab.com,,X,
https://url6610.community.gitlab.com,,X,
https://version.gitlab.com,,X,
https://triage-ops.gitlab.com,,X,
https://webcasts.gitlab.com,,X,
https://zendesk2.gitlab.com,,X,
https://zendesk3.gitlab.com,,X,
https://xplorevba.community.gitlab.com,,X,
https://zendesk4.gitlab.com,,X,
https://zendesk1.gitlab.com,,X,